-- phpMyAdmin SQL Dump
-- version 4.8.3
-- https://www.phpmyadmin.net/
--
-- Host: localhost:3306
-- Generation Time: Dec 14, 2019 at 01:27 PM
-- Server version: 5.7.24
-- PHP Version: 7.3.7

SET SQL_MODE = "NO_AUTO_VALUE_ON_ZERO";
SET AUTOCOMMIT = 0;
START TRANSACTION;
SET time_zone = "+00:00";


/*!40101 SET @OLD_CHARACTER_SET_CLIENT=@@CHARACTER_SET_CLIENT */;
/*!40101 SET @OLD_CHARACTER_SET_RESULTS=@@CHARACTER_SET_RESULTS */;
/*!40101 SET @OLD_COLLATION_CONNECTION=@@COLLATION_CONNECTION */;
/*!40101 SET NAMES utf8mb4 */;

--
-- Database: `blood_reserves`
--

-- --------------------------------------------------------

--
-- Table structure for table `actualization_date`
--

CREATE TABLE `actualization_date` (
  `actualization_id` int(11) NOT NULL,
  `date` datetime NOT NULL
) ENGINE=InnoDB DEFAULT CHARSET=utf8 COLLATE=utf8_polish_ci;

--
-- Dumping data for table `actualization_date`
--

INSERT INTO `actualization_date` (`actualization_id`, `date`) VALUES
(1, '2019-11-21 09:45:00'),
(2, '2019-11-28 11:10:00'),
(4, '2019-12-03 12:30:00'),
(5, '2019-12-05 12:10:00'),
(6, '2019-12-09 11:15:00'),
(7, '2019-12-10 18:40:00'),
(8, '2019-12-12 09:10:00'),
(9, '2019-12-14 12:40:00');

-- --------------------------------------------------------

--
-- Table structure for table `blood_levels`
--

CREATE TABLE `blood_levels` (
  `blood_levels_id` int(11) NOT NULL,
  `city_id` int(11) NOT NULL,
  `type_id` int(11) NOT NULL,
  `actualization_id` int(11) NOT NULL,
  `blood_level` int(10) UNSIGNED NOT NULL
) ENGINE=InnoDB DEFAULT CHARSET=utf8 COLLATE=utf8_polish_ci;

--
-- Dumping data for table `blood_levels`
--

INSERT INTO `blood_levels` (`blood_levels_id`, `city_id`, `type_id`, `actualization_id`, `blood_level`) VALUES
(1, 1, 1, 1, 2),
(2, 2, 1, 1, 1),
(3, 3, 1, 1, 1),
(4, 4, 1, 1, 1),
(5, 5, 1, 1, 3),
(6, 6, 1, 1, 1),
(7, 7, 1, 1, 3),
(8, 8, 1, 1, 1),
(9, 9, 1, 1, 1),
(10, 10, 1, 1, 1),
(11, 11, 1, 1, 2),
(12, 12, 1, 1, 1),
(13, 13, 1, 1, 1),
(14, 14, 1, 1, 1),
(15, 15, 1, 1, 1),
(16, 16, 1, 1, 2),
(17, 17, 1, 1, 1),
(18, 18, 1, 1, 1),
(19, 19, 1, 1, 1),
(20, 20, 1, 1, 1),
(21, 21, 1, 1, 2),
(22, 1, 2, 1, 2),
(23, 2, 2, 1, 2),
(24, 3, 2, 1, 3),
(25, 4, 2, 1, 3),
(26, 5, 2, 1, 3),
(27, 6, 2, 1, 2),
(28, 7, 2, 1, 3),
(29, 8, 2, 1, 2),
(30, 9, 2, 1, 2),
(31, 10, 2, 1, 2),
(32, 11, 2, 1, 2),
(33, 12, 2, 1, 1),
(34, 13, 2, 1, 3),
(35, 14, 2, 1, 1),
(36, 15, 2, 1, 3),
(37, 16, 2, 1, 3),
(38, 17, 2, 1, 3),
(39, 18, 2, 1, 1),
(40, 19, 2, 1, 3),
(41, 20, 2, 1, 3),
(42, 21, 2, 1, 3),
(43, 1, 3, 1, 2),
(44, 2, 3, 1, 1),
(45, 3, 3, 1, 2),
(46, 4, 3, 1, 1),
(47, 5, 3, 1, 3),
(48, 6, 3, 1, 1),
(49, 7, 3, 1, 3),
(50, 8, 3, 1, 1),
(51, 9, 3, 1, 2),
(52, 10, 3, 1, 2),
(53, 11, 3, 1, 2),
(54, 12, 3, 1, 1),
(55, 13, 3, 1, 1),
(56, 14, 3, 1, 1),
(57, 15, 3, 1, 2),
(58, 16, 3, 1, 2),
(59, 17, 3, 1, 1),
(60, 18, 3, 1, 1),
(61, 19, 3, 1, 1),
(62, 20, 3, 1, 3),
(63, 21, 3, 1, 1),
(64, 1, 4, 1, 2),
(65, 2, 4, 1, 2),
(66, 3, 4, 1, 2),
(67, 4, 4, 1, 3),
(68, 5, 4, 1, 3),
(69, 6, 4, 1, 2),
(70, 7, 4, 1, 3),
(71, 8, 4, 1, 2),
(72, 9, 4, 1, 2),
(73, 10, 4, 1, 3),
(74, 11, 4, 1, 3),
(75, 12, 4, 1, 2),
(76, 13, 4, 1, 3),
(77, 14, 4, 1, 1),
(78, 15, 4, 1, 1),
(79, 16, 4, 1, 3),
(80, 17, 4, 1, 2),
(81, 18, 4, 1, 1),
(82, 19, 4, 1, 3),
(83, 20, 4, 1, 1),
(84, 21, 4, 1, 1),
(85, 1, 5, 1, 2),
(86, 2, 5, 1, 1),
(87, 3, 5, 1, 3),
(88, 4, 5, 1, 1),
(89, 5, 5, 1, 2),
(90, 6, 5, 1, 1),
(91, 7, 5, 1, 2),
(92, 8, 5, 1, 2),
(93, 9, 5, 1, 1),
(94, 10, 5, 1, 2),
(95, 11, 5, 1, 3),
(96, 12, 5, 1, 1),
(97, 13, 5, 1, 1),
(98, 14, 5, 1, 1),
(99, 15, 5, 1, 1),
(100, 16, 5, 1, 3),
(101, 17, 5, 1, 3),
(102, 18, 5, 1, 2),
(103, 19, 5, 1, 2),
(104, 20, 5, 1, 3),
(105, 21, 5, 1, 1),
(106, 1, 6, 1, 3),
(107, 2, 6, 1, 1),
(108, 3, 6, 1, 3),
(109, 4, 6, 1, 2),
(110, 5, 6, 1, 3),
(111, 6, 6, 1, 2),
(112, 7, 6, 1, 2),
(113, 8, 6, 1, 3),
(114, 9, 6, 1, 2),
(115, 10, 6, 1, 3),
(116, 11, 6, 1, 3),
(117, 12, 6, 1, 3),
(118, 13, 6, 1, 3),
(119, 14, 6, 1, 1),
(120, 15, 6, 1, 3),
(121, 16, 6, 1, 3),
(122, 17, 6, 1, 3),
(123, 18, 6, 1, 3),
(124, 19, 6, 1, 3),
(125, 20, 6, 1, 3),
(126, 21, 6, 1, 3),
(127, 1, 7, 1, 2),
(128, 2, 7, 1, 3),
(129, 3, 7, 1, 1),
(130, 4, 7, 1, 3),
(131, 5, 7, 1, 2),
(132, 6, 7, 1, 3),
(133, 7, 7, 1, 2),
(134, 8, 7, 1, 3),
(135, 9, 7, 1, 2),
(136, 10, 7, 1, 3),
(137, 11, 7, 1, 3),
(138, 12, 7, 1, 3),
(139, 13, 7, 1, 2),
(140, 14, 7, 1, 1),
(141, 15, 7, 1, 1),
(142, 16, 7, 1, 3),
(143, 17, 7, 1, 3),
(144, 18, 7, 1, 3),
(145, 19, 7, 1, 3),
(146, 20, 7, 1, 3),
(147, 21, 7, 1, 1),
(148, 1, 8, 1, 3),
(149, 2, 8, 1, 4),
(150, 3, 8, 1, 4),
(151, 4, 8, 1, 3),
(152, 5, 8, 1, 3),
(153, 6, 8, 1, 4),
(154, 7, 8, 1, 3),
(155, 8, 8, 1, 4),
(156, 9, 8, 1, 2),
(157, 10, 8, 1, 4),
(158, 11, 8, 1, 3),
(159, 12, 8, 1, 3),
(160, 13, 8, 1, 3),
(161, 14, 8, 1, 2),
(162, 15, 8, 1, 3),
(163, 16, 8, 1, 3),
(164, 17, 8, 1, 2),
(165, 18, 8, 1, 3),
(166, 19, 8, 1, 3),
(167, 20, 8, 1, 3),
(168, 21, 8, 1, 2),
(169, 1, 1, 2, 2),
(170, 2, 1, 2, 1),
(171, 3, 1, 2, 1),
(172, 4, 1, 2, 1),
(173, 5, 1, 2, 2),
(174, 6, 1, 2, 1),
(175, 7, 1, 2, 2),
(176, 8, 1, 2, 1),
(177, 9, 1, 2, 2),
(178, 10, 1, 2, 1),
(179, 11, 1, 2, 2),
(180, 12, 1, 2, 1),
(181, 13, 1, 2, 2),
(182, 14, 1, 2, 1),
(183, 15, 1, 2, 1),
(184, 16, 1, 2, 2),
(185, 17, 1, 2, 1),
(186, 18, 1, 2, 1),
(187, 19, 1, 2, 1),
(188, 20, 1, 2, 1),
(189, 21, 1, 2, 1),
(190, 1, 2, 2, 2),
(191, 2, 2, 2, 2),
(192, 3, 2, 2, 3),
(193, 4, 2, 2, 3),
(194, 5, 2, 2, 3),
(195, 6, 2, 2, 1),
(196, 7, 2, 2, 3),
(197, 8, 2, 2, 2),
(198, 9, 2, 2, 2),
(199, 10, 2, 2, 2),
(200, 11, 2, 2, 2),
(201, 12, 2, 2, 2),
(202, 13, 2, 2, 3),
(203, 14, 2, 2, 1),
(204, 15, 2, 2, 3),
(205, 16, 2, 2, 2),
(206, 17, 2, 2, 2),
(207, 18, 2, 2, 1),
(208, 19, 2, 2, 3),
(209, 20, 2, 2, 3),
(210, 21, 2, 2, 3),
(211, 1, 3, 2, 2),
(212, 2, 3, 2, 1),
(213, 3, 3, 2, 3),
(214, 4, 3, 2, 1),
(215, 5, 3, 2, 2),
(216, 6, 3, 2, 1),
(217, 7, 3, 2, 2),
(218, 8, 3, 2, 1),
(219, 9, 3, 2, 2),
(220, 10, 3, 2, 2),
(221, 11, 3, 2, 2),
(222, 12, 3, 2, 1),
(223, 13, 3, 2, 2),
(224, 14, 3, 2, 2),
(225, 15, 3, 2, 1),
(226, 16, 3, 2, 1),
(227, 17, 3, 2, 1),
(228, 18, 3, 2, 1),
(229, 19, 3, 2, 3),
(230, 20, 3, 2, 3),
(231, 21, 3, 2, 1),
(232, 1, 4, 2, 2),
(233, 2, 4, 2, 2),
(234, 3, 4, 2, 2),
(235, 4, 4, 2, 3),
(236, 5, 4, 2, 3),
(237, 6, 4, 2, 2),
(238, 7, 4, 2, 3),
(239, 8, 4, 2, 2),
(240, 9, 4, 2, 2),
(241, 10, 4, 2, 3),
(242, 11, 4, 2, 3),
(243, 12, 4, 2, 2),
(244, 13, 4, 2, 3),
(245, 14, 4, 2, 1),
(246, 15, 4, 2, 1),
(247, 16, 4, 2, 1),
(248, 17, 4, 2, 1),
(249, 18, 4, 2, 1),
(250, 19, 4, 2, 2),
(251, 20, 4, 2, 3),
(252, 21, 4, 2, 2),
(253, 1, 5, 2, 2),
(254, 2, 5, 2, 1),
(255, 3, 5, 2, 3),
(256, 4, 5, 2, 1),
(257, 5, 5, 2, 2),
(258, 6, 5, 2, 1),
(259, 7, 5, 2, 2),
(260, 8, 5, 2, 2),
(261, 9, 5, 2, 2),
(262, 10, 5, 2, 2),
(263, 11, 5, 2, 3),
(264, 12, 5, 2, 2),
(265, 13, 5, 2, 1),
(266, 14, 5, 2, 1),
(267, 15, 5, 2, 2),
(268, 16, 5, 2, 2),
(269, 17, 5, 2, 1),
(270, 18, 5, 2, 2),
(271, 19, 5, 2, 3),
(272, 20, 5, 2, 3),
(273, 21, 5, 2, 1),
(274, 1, 6, 2, 3),
(275, 2, 6, 2, 1),
(276, 3, 6, 2, 3),
(277, 4, 6, 2, 2),
(278, 5, 6, 2, 3),
(279, 6, 6, 2, 3),
(280, 7, 6, 2, 3),
(281, 8, 6, 2, 3),
(282, 9, 6, 2, 2),
(283, 10, 6, 2, 3),
(284, 11, 6, 2, 3),
(285, 12, 6, 2, 3),
(286, 13, 6, 2, 3),
(287, 14, 6, 2, 2),
(288, 15, 6, 2, 3),
(289, 16, 6, 2, 3),
(290, 17, 6, 2, 3),
(291, 18, 6, 2, 3),
(292, 19, 6, 2, 3),
(293, 20, 6, 2, 3),
(294, 21, 6, 2, 3),
(295, 1, 7, 2, 2),
(296, 2, 7, 2, 2),
(297, 3, 7, 2, 2),
(298, 4, 7, 2, 3),
(299, 5, 7, 2, 1),
(300, 6, 7, 2, 2),
(301, 7, 7, 2, 1),
(302, 8, 7, 2, 3),
(303, 9, 7, 2, 2),
(304, 10, 7, 2, 3),
(305, 11, 7, 2, 3),
(306, 12, 7, 2, 3),
(307, 13, 7, 2, 1),
(308, 14, 7, 2, 1),
(309, 15, 7, 2, 2),
(310, 16, 7, 2, 3),
(311, 17, 7, 2, 3),
(312, 18, 7, 2, 3),
(313, 19, 7, 2, 3),
(314, 20, 7, 2, 3),
(315, 21, 7, 2, 1),
(316, 1, 8, 2, 3),
(317, 2, 8, 2, 4),
(318, 3, 8, 2, 4),
(319, 4, 8, 2, 3),
(320, 5, 8, 2, 3),
(321, 6, 8, 2, 4),
(322, 7, 8, 2, 3),
(323, 8, 8, 2, 4),
(324, 9, 8, 2, 2),
(325, 10, 8, 2, 4),
(326, 11, 8, 2, 3),
(327, 12, 8, 2, 3),
(328, 13, 8, 2, 3),
(329, 14, 8, 2, 3),
(330, 15, 8, 2, 3),
(331, 16, 8, 2, 3),
(332, 17, 8, 2, 2),
(333, 18, 8, 2, 3),
(334, 19, 8, 2, 3),
(335, 20, 8, 2, 3),
(336, 21, 8, 2, 2),
(337, 1, 1, 2, 2),
(338, 2, 1, 2, 1),
(339, 3, 1, 2, 1),
(340, 4, 1, 2, 1),
(341, 5, 1, 2, 2),
(342, 6, 1, 2, 1),
(343, 7, 1, 2, 2),
(344, 8, 1, 2, 1),
(345, 9, 1, 2, 1),
(346, 10, 1, 2, 1),
(347, 11, 1, 2, 2),
(348, 12, 1, 2, 1),
(349, 13, 1, 2, 2),
(350, 14, 1, 2, 1),
(351, 15, 1, 2, 1),
(352, 16, 1, 2, 2),
(353, 17, 1, 2, 1),
(354, 18, 1, 2, 1),
(355, 19, 1, 2, 1),
(356, 20, 1, 2, 1),
(357, 21, 1, 2, 1),
(358, 1, 2, 2, 2),
(359, 2, 2, 2, 2),
(360, 3, 2, 2, 3),
(361, 4, 2, 2, 3),
(362, 5, 2, 2, 3),
(363, 6, 2, 2, 2),
(364, 7, 2, 2, 3),
(365, 8, 2, 2, 2),
(366, 9, 2, 2, 2),
(367, 10, 2, 2, 2),
(368, 11, 2, 2, 2),
(369, 12, 2, 2, 1),
(370, 13, 2, 2, 3),
(371, 14, 2, 2, 1),
(372, 15, 2, 2, 3),
(373, 16, 2, 2, 3),
(374, 17, 2, 2, 3),
(375, 18, 2, 2, 1),
(376, 19, 2, 2, 2),
(377, 20, 2, 2, 3),
(378, 21, 2, 2, 2),
(379, 1, 3, 2, 2),
(380, 2, 3, 2, 1),
(381, 3, 3, 2, 3),
(382, 4, 3, 2, 1),
(383, 5, 3, 2, 2),
(384, 6, 3, 2, 1),
(385, 7, 3, 2, 2),
(386, 8, 3, 2, 1),
(387, 9, 3, 2, 2),
(388, 10, 3, 2, 2),
(389, 11, 3, 2, 2),
(390, 12, 3, 2, 1),
(391, 13, 3, 2, 2),
(392, 14, 3, 2, 2),
(393, 15, 3, 2, 1),
(394, 16, 3, 2, 1),
(395, 17, 3, 2, 1),
(396, 18, 3, 2, 2),
(397, 19, 3, 2, 3),
(398, 20, 3, 2, 3),
(399, 21, 3, 2, 1),
(400, 1, 4, 2, 2),
(401, 2, 4, 2, 2),
(402, 3, 4, 2, 2),
(403, 4, 4, 2, 3),
(404, 5, 4, 2, 3),
(405, 6, 4, 2, 2),
(406, 7, 4, 2, 3),
(407, 8, 4, 2, 2),
(408, 9, 4, 2, 1),
(409, 10, 4, 2, 3),
(410, 11, 4, 2, 3),
(411, 12, 4, 2, 3),
(412, 13, 4, 2, 3),
(413, 14, 4, 2, 1),
(414, 15, 4, 2, 1),
(415, 16, 4, 2, 1),
(416, 17, 4, 2, 2),
(417, 18, 4, 2, 1),
(418, 19, 4, 2, 2),
(419, 20, 4, 2, 3),
(420, 21, 4, 2, 2),
(421, 1, 5, 2, 2),
(422, 2, 5, 2, 1),
(423, 3, 5, 2, 3),
(424, 4, 5, 2, 1),
(425, 5, 5, 2, 2),
(426, 6, 5, 2, 1),
(427, 7, 5, 2, 2),
(428, 8, 5, 2, 2),
(429, 9, 5, 2, 2),
(430, 10, 5, 2, 2),
(431, 11, 5, 2, 3),
(432, 12, 5, 2, 1),
(433, 13, 5, 2, 2),
(434, 14, 5, 2, 1),
(435, 15, 5, 2, 2),
(436, 16, 5, 2, 2),
(437, 17, 5, 2, 3),
(438, 18, 5, 2, 1),
(439, 19, 5, 2, 3),
(440, 20, 5, 2, 3),
(441, 21, 5, 2, 1),
(442, 1, 6, 2, 3),
(443, 2, 6, 2, 1),
(444, 3, 6, 2, 3),
(445, 4, 6, 2, 3),
(446, 5, 6, 2, 3),
(447, 6, 6, 2, 3),
(448, 7, 6, 2, 3),
(449, 8, 6, 2, 3),
(450, 9, 6, 2, 2),
(451, 10, 6, 2, 3),
(452, 11, 6, 2, 3),
(453, 12, 6, 2, 3),
(454, 13, 6, 2, 3),
(455, 14, 6, 2, 3),
(456, 15, 6, 2, 3),
(457, 16, 6, 2, 3),
(458, 17, 6, 2, 3),
(459, 18, 6, 2, 1),
(460, 19, 6, 2, 3),
(461, 20, 6, 2, 3),
(462, 21, 6, 2, 3),
(463, 1, 7, 2, 2),
(464, 2, 7, 2, 2),
(465, 3, 7, 2, 3),
(466, 4, 7, 2, 1),
(467, 5, 7, 2, 1),
(468, 6, 7, 2, 1),
(469, 7, 7, 2, 1),
(470, 8, 7, 2, 3),
(471, 9, 7, 2, 2),
(472, 10, 7, 2, 3),
(473, 11, 7, 2, 3),
(474, 12, 7, 2, 3),
(475, 13, 7, 2, 1),
(476, 14, 7, 2, 1),
(477, 15, 7, 2, 2),
(478, 16, 7, 2, 3),
(479, 17, 7, 2, 3),
(480, 18, 7, 2, 1),
(481, 19, 7, 2, 3),
(482, 20, 7, 2, 3),
(483, 21, 7, 2, 2),
(484, 1, 8, 2, 3),
(485, 2, 8, 2, 4),
(486, 3, 8, 2, 4),
(487, 4, 8, 2, 2),
(488, 5, 8, 2, 3),
(489, 6, 8, 2, 4),
(490, 7, 8, 2, 3),
(491, 8, 8, 2, 4),
(492, 9, 8, 2, 2),
(493, 10, 8, 2, 4),
(494, 11, 8, 2, 3),
(495, 12, 8, 2, 3),
(496, 13, 8, 2, 3),
(497, 14, 8, 2, 3),
(498, 15, 8, 2, 3),
(499, 16, 8, 2, 3),
(500, 17, 8, 2, 2),
(501, 18, 8, 2, 3),
(502, 19, 8, 2, 3),
(503, 20, 8, 2, 3),
(504, 21, 8, 2, 3),
(505, 1, 1, 2, 2),
(506, 2, 1, 2, 1),
(507, 3, 1, 2, 1),
(508, 4, 1, 2, 1),
(509, 5, 1, 2, 2),
(510, 6, 1, 2, 1),
(511, 7, 1, 2, 2),
(512, 8, 1, 2, 1),
(513, 9, 1, 2, 1),
(514, 10, 1, 2, 1),
(515, 11, 1, 2, 2),
(516, 12, 1, 2, 1),
(517, 13, 1, 2, 2),
(518, 14, 1, 2, 1),
(519, 15, 1, 2, 1),
(520, 16, 1, 2, 2),
(521, 17, 1, 2, 1),
(522, 18, 1, 2, 1),
(523, 19, 1, 2, 1),
(524, 20, 1, 2, 1),
(525, 21, 1, 2, 1),
(526, 1, 2, 2, 2),
(527, 2, 2, 2, 2),
(528, 3, 2, 2, 3),
(529, 4, 2, 2, 3),
(530, 5, 2, 2, 3),
(531, 6, 2, 2, 2),
(532, 7, 2, 2, 3),
(533, 8, 2, 2, 2),
(534, 9, 2, 2, 2),
(535, 10, 2, 2, 2),
(536, 11, 2, 2, 2),
(537, 12, 2, 2, 1),
(538, 13, 2, 2, 3),
(539, 14, 2, 2, 1),
(540, 15, 2, 2, 3),
(541, 16, 2, 2, 3),
(542, 17, 2, 2, 3),
(543, 18, 2, 2, 1),
(544, 19, 2, 2, 2),
(545, 20, 2, 2, 3),
(546, 21, 2, 2, 2),
(547, 1, 3, 2, 2),
(548, 2, 3, 2, 1),
(549, 3, 3, 2, 3),
(550, 4, 3, 2, 1),
(551, 5, 3, 2, 2),
(552, 6, 3, 2, 1),
(553, 7, 3, 2, 2),
(554, 8, 3, 2, 1),
(555, 9, 3, 2, 2),
(556, 10, 3, 2, 2),
(557, 11, 3, 2, 2),
(558, 12, 3, 2, 1),
(559, 13, 3, 2, 2),
(560, 14, 3, 2, 2),
(561, 15, 3, 2, 1),
(562, 16, 3, 2, 1),
(563, 17, 3, 2, 1),
(564, 18, 3, 2, 2),
(565, 19, 3, 2, 3),
(566, 20, 3, 2, 3),
(567, 21, 3, 2, 1),
(568, 1, 4, 2, 2),
(569, 2, 4, 2, 2),
(570, 3, 4, 2, 2),
(571, 4, 4, 2, 3),
(572, 5, 4, 2, 3),
(573, 6, 4, 2, 2),
(574, 7, 4, 2, 3),
(575, 8, 4, 2, 2),
(576, 9, 4, 2, 1),
(577, 10, 4, 2, 3),
(578, 11, 4, 2, 3),
(579, 12, 4, 2, 3),
(580, 13, 4, 2, 3),
(581, 14, 4, 2, 1),
(582, 15, 4, 2, 1),
(583, 16, 4, 2, 1),
(584, 17, 4, 2, 2),
(585, 18, 4, 2, 1),
(586, 19, 4, 2, 2),
(587, 20, 4, 2, 3),
(588, 21, 4, 2, 2),
(589, 1, 5, 2, 2),
(590, 2, 5, 2, 1),
(591, 3, 5, 2, 3),
(592, 4, 5, 2, 1),
(593, 5, 5, 2, 2),
(594, 6, 5, 2, 1),
(595, 7, 5, 2, 2),
(596, 8, 5, 2, 2),
(597, 9, 5, 2, 2),
(598, 10, 5, 2, 2),
(599, 11, 5, 2, 3),
(600, 12, 5, 2, 1),
(601, 13, 5, 2, 2),
(602, 14, 5, 2, 1),
(603, 15, 5, 2, 2),
(604, 16, 5, 2, 2),
(605, 17, 5, 2, 3),
(606, 18, 5, 2, 1),
(607, 19, 5, 2, 3),
(608, 20, 5, 2, 3),
(609, 21, 5, 2, 1),
(610, 1, 6, 2, 3),
(611, 2, 6, 2, 1),
(612, 3, 6, 2, 3),
(613, 4, 6, 2, 3),
(614, 5, 6, 2, 3),
(615, 6, 6, 2, 3),
(616, 7, 6, 2, 3),
(617, 8, 6, 2, 3),
(618, 9, 6, 2, 2),
(619, 10, 6, 2, 3),
(620, 11, 6, 2, 3),
(621, 12, 6, 2, 3),
(622, 13, 6, 2, 3),
(623, 14, 6, 2, 3),
(624, 15, 6, 2, 3),
(625, 16, 6, 2, 3),
(626, 17, 6, 2, 3),
(627, 18, 6, 2, 1),
(628, 19, 6, 2, 3),
(629, 20, 6, 2, 3),
(630, 21, 6, 2, 3),
(631, 1, 7, 2, 2),
(632, 2, 7, 2, 2),
(633, 3, 7, 2, 3),
(634, 4, 7, 2, 1),
(635, 5, 7, 2, 1),
(636, 6, 7, 2, 1),
(637, 7, 7, 2, 1),
(638, 8, 7, 2, 3),
(639, 9, 7, 2, 2),
(640, 10, 7, 2, 3),
(641, 11, 7, 2, 3),
(642, 12, 7, 2, 3),
(643, 13, 7, 2, 1),
(644, 14, 7, 2, 1),
(645, 15, 7, 2, 2),
(646, 16, 7, 2, 3),
(647, 17, 7, 2, 3),
(648, 18, 7, 2, 1),
(649, 19, 7, 2, 3),
(650, 20, 7, 2, 3),
(651, 21, 7, 2, 2),
(652, 1, 8, 2, 3),
(653, 2, 8, 2, 4),
(654, 3, 8, 2, 4),
(655, 4, 8, 2, 2),
(656, 5, 8, 2, 3),
(657, 6, 8, 2, 4),
(658, 7, 8, 2, 3),
(659, 8, 8, 2, 4),
(660, 9, 8, 2, 2),
(661, 10, 8, 2, 4),
(662, 11, 8, 2, 3),
(663, 12, 8, 2, 3),
(664, 13, 8, 2, 3),
(665, 14, 8, 2, 3),
(666, 15, 8, 2, 3),
(667, 16, 8, 2, 3),
(668, 17, 8, 2, 2),
(669, 18, 8, 2, 3),
(670, 19, 8, 2, 3),
(671, 20, 8, 2, 3),
(672, 21, 8, 2, 3),
(673, 1, 1, 2, 2),
(674, 2, 1, 2, 1),
(675, 3, 1, 2, 1),
(676, 4, 1, 2, 1),
(677, 5, 1, 2, 2),
(678, 6, 1, 2, 1),
(679, 7, 1, 2, 2),
(680, 8, 1, 2, 1),
(681, 9, 1, 2, 1),
(682, 10, 1, 2, 1),
(683, 11, 1, 2, 2),
(684, 12, 1, 2, 1),
(685, 13, 1, 2, 2),
(686, 14, 1, 2, 1),
(687, 15, 1, 2, 1),
(688, 16, 1, 2, 2),
(689, 17, 1, 2, 1),
(690, 18, 1, 2, 1),
(691, 19, 1, 2, 1),
(692, 20, 1, 2, 1),
(693, 21, 1, 2, 1),
(694, 1, 2, 2, 2),
(695, 2, 2, 2, 2),
(696, 3, 2, 2, 3),
(697, 4, 2, 2, 3),
(698, 5, 2, 2, 3),
(699, 6, 2, 2, 2),
(700, 7, 2, 2, 3),
(701, 8, 2, 2, 2),
(702, 9, 2, 2, 2),
(703, 10, 2, 2, 2),
(704, 11, 2, 2, 2),
(705, 12, 2, 2, 1),
(706, 13, 2, 2, 3),
(707, 14, 2, 2, 1),
(708, 15, 2, 2, 3),
(709, 16, 2, 2, 3),
(710, 17, 2, 2, 3),
(711, 18, 2, 2, 1),
(712, 19, 2, 2, 2),
(713, 20, 2, 2, 3),
(714, 21, 2, 2, 2),
(715, 1, 3, 2, 2),
(716, 2, 3, 2, 1),
(717, 3, 3, 2, 3),
(718, 4, 3, 2, 1),
(719, 5, 3, 2, 2),
(720, 6, 3, 2, 1),
(721, 7, 3, 2, 2),
(722, 8, 3, 2, 1),
(723, 9, 3, 2, 2),
(724, 10, 3, 2, 2),
(725, 11, 3, 2, 2),
(726, 12, 3, 2, 1),
(727, 13, 3, 2, 2),
(728, 14, 3, 2, 2),
(729, 15, 3, 2, 1),
(730, 16, 3, 2, 1),
(731, 17, 3, 2, 1),
(732, 18, 3, 2, 2),
(733, 19, 3, 2, 3),
(734, 20, 3, 2, 3),
(735, 21, 3, 2, 1),
(736, 1, 4, 2, 2),
(737, 2, 4, 2, 2),
(738, 3, 4, 2, 2),
(739, 4, 4, 2, 3),
(740, 5, 4, 2, 3),
(741, 6, 4, 2, 2),
(742, 7, 4, 2, 3),
(743, 8, 4, 2, 2),
(744, 9, 4, 2, 1),
(745, 10, 4, 2, 3),
(746, 11, 4, 2, 3),
(747, 12, 4, 2, 3),
(748, 13, 4, 2, 3),
(749, 14, 4, 2, 1),
(750, 15, 4, 2, 1),
(751, 16, 4, 2, 1),
(752, 17, 4, 2, 2),
(753, 18, 4, 2, 1),
(754, 19, 4, 2, 2),
(755, 20, 4, 2, 3),
(756, 21, 4, 2, 2),
(757, 1, 5, 2, 2),
(758, 2, 5, 2, 1),
(759, 3, 5, 2, 3),
(760, 4, 5, 2, 1),
(761, 5, 5, 2, 2),
(762, 6, 5, 2, 1),
(763, 7, 5, 2, 2),
(764, 8, 5, 2, 2),
(765, 9, 5, 2, 2),
(766, 10, 5, 2, 2),
(767, 11, 5, 2, 3),
(768, 12, 5, 2, 1),
(769, 13, 5, 2, 2),
(770, 14, 5, 2, 1),
(771, 15, 5, 2, 2),
(772, 16, 5, 2, 2),
(773, 17, 5, 2, 3),
(774, 18, 5, 2, 1),
(775, 19, 5, 2, 3),
(776, 20, 5, 2, 3),
(777, 21, 5, 2, 1),
(778, 1, 6, 2, 3),
(779, 2, 6, 2, 1),
(780, 3, 6, 2, 3),
(781, 4, 6, 2, 3),
(782, 5, 6, 2, 3),
(783, 6, 6, 2, 3),
(784, 7, 6, 2, 3),
(785, 8, 6, 2, 3),
(786, 9, 6, 2, 2),
(787, 10, 6, 2, 3),
(788, 11, 6, 2, 3),
(789, 12, 6, 2, 3),
(790, 13, 6, 2, 3),
(791, 14, 6, 2, 3),
(792, 15, 6, 2, 3),
(793, 16, 6, 2, 3),
(794, 17, 6, 2, 3),
(795, 18, 6, 2, 1),
(796, 19, 6, 2, 3),
(797, 20, 6, 2, 3),
(798, 21, 6, 2, 3),
(799, 1, 7, 2, 2),
(800, 2, 7, 2, 2),
(801, 3, 7, 2, 3),
(802, 4, 7, 2, 1),
(803, 5, 7, 2, 1),
(804, 6, 7, 2, 1),
(805, 7, 7, 2, 1),
(806, 8, 7, 2, 3),
(807, 9, 7, 2, 2),
(808, 10, 7, 2, 3),
(809, 11, 7, 2, 3),
(810, 12, 7, 2, 3),
(811, 13, 7, 2, 1),
(812, 14, 7, 2, 1),
(813, 15, 7, 2, 2),
(814, 16, 7, 2, 3),
(815, 17, 7, 2, 3),
(816, 18, 7, 2, 1),
(817, 19, 7, 2, 3),
(818, 20, 7, 2, 3),
(819, 21, 7, 2, 2),
(820, 1, 8, 2, 3),
(821, 2, 8, 2, 4),
(822, 3, 8, 2, 4),
(823, 4, 8, 2, 2),
(824, 5, 8, 2, 3),
(825, 6, 8, 2, 4),
(826, 7, 8, 2, 3),
(827, 8, 8, 2, 4),
(828, 9, 8, 2, 2),
(829, 10, 8, 2, 4),
(830, 11, 8, 2, 3),
(831, 12, 8, 2, 3),
(832, 13, 8, 2, 3),
(833, 14, 8, 2, 3),
(834, 15, 8, 2, 3),
(835, 16, 8, 2, 3),
(836, 17, 8, 2, 2),
(837, 18, 8, 2, 3),
(838, 19, 8, 2, 3),
(839, 20, 8, 2, 3),
(840, 21, 8, 2, 3),
(841, 1, 1, 2, 2),
(842, 2, 1, 2, 1),
(843, 3, 1, 2, 1),
(844, 4, 1, 2, 1),
(845, 5, 1, 2, 2),
(846, 6, 1, 2, 1),
(847, 7, 1, 2, 2),
(848, 8, 1, 2, 1),
(849, 9, 1, 2, 1),
(850, 10, 1, 2, 1),
(851, 11, 1, 2, 2),
(852, 12, 1, 2, 1),
(853, 13, 1, 2, 2),
(854, 14, 1, 2, 1),
(855, 15, 1, 2, 1),
(856, 16, 1, 2, 2),
(857, 17, 1, 2, 1),
(858, 18, 1, 2, 1),
(859, 19, 1, 2, 1),
(860, 20, 1, 2, 1),
(861, 21, 1, 2, 1),
(862, 1, 2, 2, 2),
(863, 2, 2, 2, 2),
(864, 3, 2, 2, 3),
(865, 4, 2, 2, 3),
(866, 5, 2, 2, 3),
(867, 6, 2, 2, 2),
(868, 7, 2, 2, 3),
(869, 8, 2, 2, 2),
(870, 9, 2, 2, 2),
(871, 10, 2, 2, 2),
(872, 11, 2, 2, 2),
(873, 12, 2, 2, 1),
(874, 13, 2, 2, 3),
(875, 14, 2, 2, 1),
(876, 15, 2, 2, 3),
(877, 16, 2, 2, 3),
(878, 17, 2, 2, 3),
(879, 18, 2, 2, 1),
(880, 19, 2, 2, 2),
(881, 20, 2, 2, 3),
(882, 21, 2, 2, 2),
(883, 1, 3, 2, 2),
(884, 2, 3, 2, 1),
(885, 3, 3, 2, 3),
(886, 4, 3, 2, 1),
(887, 5, 3, 2, 2),
(888, 6, 3, 2, 1),
(889, 7, 3, 2, 2),
(890, 8, 3, 2, 1),
(891, 9, 3, 2, 2),
(892, 10, 3, 2, 2),
(893, 11, 3, 2, 2),
(894, 12, 3, 2, 1),
(895, 13, 3, 2, 2),
(896, 14, 3, 2, 2),
(897, 15, 3, 2, 1),
(898, 16, 3, 2, 1),
(899, 17, 3, 2, 1),
(900, 18, 3, 2, 2),
(901, 19, 3, 2, 3),
(902, 20, 3, 2, 3),
(903, 21, 3, 2, 1),
(904, 1, 4, 2, 2),
(905, 2, 4, 2, 2),
(906, 3, 4, 2, 2),
(907, 4, 4, 2, 3),
(908, 5, 4, 2, 3),
(909, 6, 4, 2, 2),
(910, 7, 4, 2, 3),
(911, 8, 4, 2, 2),
(912, 9, 4, 2, 1),
(913, 10, 4, 2, 3),
(914, 11, 4, 2, 3),
(915, 12, 4, 2, 3),
(916, 13, 4, 2, 3),
(917, 14, 4, 2, 1),
(918, 15, 4, 2, 1),
(919, 16, 4, 2, 1),
(920, 17, 4, 2, 2),
(921, 18, 4, 2, 1),
(922, 19, 4, 2, 2),
(923, 20, 4, 2, 3),
(924, 21, 4, 2, 2),
(925, 1, 5, 2, 2),
(926, 2, 5, 2, 1),
(927, 3, 5, 2, 3),
(928, 4, 5, 2, 1),
(929, 5, 5, 2, 2),
(930, 6, 5, 2, 1),
(931, 7, 5, 2, 2),
(932, 8, 5, 2, 2),
(933, 9, 5, 2, 2),
(934, 10, 5, 2, 2),
(935, 11, 5, 2, 3),
(936, 12, 5, 2, 1),
(937, 13, 5, 2, 2),
(938, 14, 5, 2, 1),
(939, 15, 5, 2, 2),
(940, 16, 5, 2, 2),
(941, 17, 5, 2, 3),
(942, 18, 5, 2, 1),
(943, 19, 5, 2, 3),
(944, 20, 5, 2, 3),
(945, 21, 5, 2, 1),
(946, 1, 6, 2, 3),
(947, 2, 6, 2, 1),
(948, 3, 6, 2, 3),
(949, 4, 6, 2, 3),
(950, 5, 6, 2, 3),
(951, 6, 6, 2, 3),
(952, 7, 6, 2, 3),
(953, 8, 6, 2, 3),
(954, 9, 6, 2, 2),
(955, 10, 6, 2, 3),
(956, 11, 6, 2, 3),
(957, 12, 6, 2, 3),
(958, 13, 6, 2, 3),
(959, 14, 6, 2, 3),
(960, 15, 6, 2, 3),
(961, 16, 6, 2, 3),
(962, 17, 6, 2, 3),
(963, 18, 6, 2, 1),
(964, 19, 6, 2, 3),
(965, 20, 6, 2, 3),
(966, 21, 6, 2, 3),
(967, 1, 7, 2, 2),
(968, 2, 7, 2, 2),
(969, 3, 7, 2, 3),
(970, 4, 7, 2, 1),
(971, 5, 7, 2, 1),
(972, 6, 7, 2, 1),
(973, 7, 7, 2, 1),
(974, 8, 7, 2, 3),
(975, 9, 7, 2, 2),
(976, 10, 7, 2, 3),
(977, 11, 7, 2, 3),
(978, 12, 7, 2, 3),
(979, 13, 7, 2, 1),
(980, 14, 7, 2, 1),
(981, 15, 7, 2, 2),
(982, 16, 7, 2, 3),
(983, 17, 7, 2, 3),
(984, 18, 7, 2, 1),
(985, 19, 7, 2, 3),
(986, 20, 7, 2, 3),
(987, 21, 7, 2, 2),
(988, 1, 8, 2, 3),
(989, 2, 8, 2, 4),
(990, 3, 8, 2, 4),
(991, 4, 8, 2, 2),
(992, 5, 8, 2, 3),
(993, 6, 8, 2, 4),
(994, 7, 8, 2, 3),
(995, 8, 8, 2, 4),
(996, 9, 8, 2, 2),
(997, 10, 8, 2, 4),
(998, 11, 8, 2, 3),
(999, 12, 8, 2, 3),
(1000, 13, 8, 2, 3),
(1001, 14, 8, 2, 3),
(1002, 15, 8, 2, 3),
(1003, 16, 8, 2, 3),
(1004, 17, 8, 2, 2),
(1005, 18, 8, 2, 3),
(1006, 19, 8, 2, 3),
(1007, 20, 8, 2, 3),
(1008, 21, 8, 2, 3),
(1009, 1, 1, 2, 2),
(1010, 2, 1, 2, 1),
(1011, 3, 1, 2, 1),
(1012, 4, 1, 2, 1),
(1013, 5, 1, 2, 2),
(1014, 6, 1, 2, 1),
(1015, 7, 1, 2, 2),
(1016, 8, 1, 2, 1),
(1017, 9, 1, 2, 1),
(1018, 10, 1, 2, 1),
(1019, 11, 1, 2, 2),
(1020, 12, 1, 2, 1),
(1021, 13, 1, 2, 2),
(1022, 14, 1, 2, 1),
(1023, 15, 1, 2, 1),
(1024, 16, 1, 2, 2),
(1025, 17, 1, 2, 1),
(1026, 18, 1, 2, 1),
(1027, 19, 1, 2, 1),
(1028, 20, 1, 2, 1),
(1029, 21, 1, 2, 1),
(1030, 1, 2, 2, 2),
(1031, 2, 2, 2, 2),
(1032, 3, 2, 2, 3),
(1033, 4, 2, 2, 3),
(1034, 5, 2, 2, 3),
(1035, 6, 2, 2, 2),
(1036, 7, 2, 2, 3),
(1037, 8, 2, 2, 2),
(1038, 9, 2, 2, 2),
(1039, 10, 2, 2, 2),
(1040, 11, 2, 2, 2),
(1041, 12, 2, 2, 1),
(1042, 13, 2, 2, 3),
(1043, 14, 2, 2, 1),
(1044, 15, 2, 2, 3),
(1045, 16, 2, 2, 3),
(1046, 17, 2, 2, 3),
(1047, 18, 2, 2, 1),
(1048, 19, 2, 2, 2),
(1049, 20, 2, 2, 3),
(1050, 21, 2, 2, 2),
(1051, 1, 3, 2, 2),
(1052, 2, 3, 2, 1),
(1053, 3, 3, 2, 3),
(1054, 4, 3, 2, 1),
(1055, 5, 3, 2, 2),
(1056, 6, 3, 2, 1),
(1057, 7, 3, 2, 2),
(1058, 8, 3, 2, 1),
(1059, 9, 3, 2, 2),
(1060, 10, 3, 2, 2),
(1061, 11, 3, 2, 2),
(1062, 12, 3, 2, 1),
(1063, 13, 3, 2, 2),
(1064, 14, 3, 2, 2),
(1065, 15, 3, 2, 1),
(1066, 16, 3, 2, 1),
(1067, 17, 3, 2, 1),
(1068, 18, 3, 2, 2),
(1069, 19, 3, 2, 3),
(1070, 20, 3, 2, 3),
(1071, 21, 3, 2, 1),
(1072, 1, 4, 2, 2),
(1073, 2, 4, 2, 2),
(1074, 3, 4, 2, 2),
(1075, 4, 4, 2, 3),
(1076, 5, 4, 2, 3),
(1077, 6, 4, 2, 2),
(1078, 7, 4, 2, 3),
(1079, 8, 4, 2, 2),
(1080, 9, 4, 2, 1),
(1081, 10, 4, 2, 3),
(1082, 11, 4, 2, 3),
(1083, 12, 4, 2, 3),
(1084, 13, 4, 2, 3),
(1085, 14, 4, 2, 1),
(1086, 15, 4, 2, 1),
(1087, 16, 4, 2, 1),
(1088, 17, 4, 2, 2),
(1089, 18, 4, 2, 1),
(1090, 19, 4, 2, 2),
(1091, 20, 4, 2, 3),
(1092, 21, 4, 2, 2),
(1093, 1, 5, 2, 2),
(1094, 2, 5, 2, 1),
(1095, 3, 5, 2, 3),
(1096, 4, 5, 2, 1),
(1097, 5, 5, 2, 2),
(1098, 6, 5, 2, 1),
(1099, 7, 5, 2, 2),
(1100, 8, 5, 2, 2),
(1101, 9, 5, 2, 2),
(1102, 10, 5, 2, 2),
(1103, 11, 5, 2, 3),
(1104, 12, 5, 2, 1),
(1105, 13, 5, 2, 2),
(1106, 14, 5, 2, 1),
(1107, 15, 5, 2, 2),
(1108, 16, 5, 2, 2),
(1109, 17, 5, 2, 3),
(1110, 18, 5, 2, 1),
(1111, 19, 5, 2, 3),
(1112, 20, 5, 2, 3),
(1113, 21, 5, 2, 1),
(1114, 1, 6, 2, 3),
(1115, 2, 6, 2, 1),
(1116, 3, 6, 2, 3),
(1117, 4, 6, 2, 3),
(1118, 5, 6, 2, 3),
(1119, 6, 6, 2, 3),
(1120, 7, 6, 2, 3),
(1121, 8, 6, 2, 3),
(1122, 9, 6, 2, 2),
(1123, 10, 6, 2, 3),
(1124, 11, 6, 2, 3),
(1125, 12, 6, 2, 3),
(1126, 13, 6, 2, 3),
(1127, 14, 6, 2, 3),
(1128, 15, 6, 2, 3),
(1129, 16, 6, 2, 3),
(1130, 17, 6, 2, 3),
(1131, 18, 6, 2, 1),
(1132, 19, 6, 2, 3),
(1133, 20, 6, 2, 3),
(1134, 21, 6, 2, 3),
(1135, 1, 7, 2, 2),
(1136, 2, 7, 2, 2),
(1137, 3, 7, 2, 3),
(1138, 4, 7, 2, 1),
(1139, 5, 7, 2, 1),
(1140, 6, 7, 2, 1),
(1141, 7, 7, 2, 1),
(1142, 8, 7, 2, 3),
(1143, 9, 7, 2, 2),
(1144, 10, 7, 2, 3),
(1145, 11, 7, 2, 3),
(1146, 12, 7, 2, 3),
(1147, 13, 7, 2, 1),
(1148, 14, 7, 2, 1),
(1149, 15, 7, 2, 2),
(1150, 16, 7, 2, 3),
(1151, 17, 7, 2, 3),
(1152, 18, 7, 2, 1),
(1153, 19, 7, 2, 3),
(1154, 20, 7, 2, 3),
(1155, 21, 7, 2, 2),
(1156, 1, 8, 2, 3),
(1157, 2, 8, 2, 4),
(1158, 3, 8, 2, 4),
(1159, 4, 8, 2, 2),
(1160, 5, 8, 2, 3),
(1161, 6, 8, 2, 4),
(1162, 7, 8, 2, 3),
(1163, 8, 8, 2, 4),
(1164, 9, 8, 2, 2),
(1165, 10, 8, 2, 4),
(1166, 11, 8, 2, 3),
(1167, 12, 8, 2, 3),
(1168, 13, 8, 2, 3),
(1169, 14, 8, 2, 3),
(1170, 15, 8, 2, 3),
(1171, 16, 8, 2, 3),
(1172, 17, 8, 2, 2),
(1173, 18, 8, 2, 3),
(1174, 19, 8, 2, 3),
(1175, 20, 8, 2, 3),
(1176, 21, 8, 2, 3),
(1177, 1, 1, 2, 2),
(1178, 2, 1, 2, 1),
(1179, 3, 1, 2, 1),
(1180, 4, 1, 2, 1),
(1181, 5, 1, 2, 2),
(1182, 6, 1, 2, 1),
(1183, 7, 1, 2, 2),
(1184, 8, 1, 2, 1),
(1185, 9, 1, 2, 1),
(1186, 10, 1, 2, 1),
(1187, 11, 1, 2, 2),
(1188, 12, 1, 2, 1),
(1189, 13, 1, 2, 2),
(1190, 14, 1, 2, 1),
(1191, 15, 1, 2, 1),
(1192, 16, 1, 2, 2),
(1193, 17, 1, 2, 1),
(1194, 18, 1, 2, 1),
(1195, 19, 1, 2, 1),
(1196, 20, 1, 2, 1),
(1197, 21, 1, 2, 1),
(1198, 1, 2, 2, 2),
(1199, 2, 2, 2, 2),
(1200, 3, 2, 2, 3),
(1201, 4, 2, 2, 3),
(1202, 5, 2, 2, 3),
(1203, 6, 2, 2, 2),
(1204, 7, 2, 2, 3),
(1205, 8, 2, 2, 2),
(1206, 9, 2, 2, 2),
(1207, 10, 2, 2, 2),
(1208, 11, 2, 2, 2),
(1209, 12, 2, 2, 1),
(1210, 13, 2, 2, 3),
(1211, 14, 2, 2, 1),
(1212, 15, 2, 2, 3),
(1213, 16, 2, 2, 3),
(1214, 17, 2, 2, 3),
(1215, 18, 2, 2, 1),
(1216, 19, 2, 2, 2),
(1217, 20, 2, 2, 3),
(1218, 21, 2, 2, 2),
(1219, 1, 3, 2, 2),
(1220, 2, 3, 2, 1),
(1221, 3, 3, 2, 3),
(1222, 4, 3, 2, 1),
(1223, 5, 3, 2, 2),
(1224, 6, 3, 2, 1),
(1225, 7, 3, 2, 2),
(1226, 8, 3, 2, 1),
(1227, 9, 3, 2, 2),
(1228, 10, 3, 2, 2),
(1229, 11, 3, 2, 2),
(1230, 12, 3, 2, 1),
(1231, 13, 3, 2, 2),
(1232, 14, 3, 2, 2),
(1233, 15, 3, 2, 1),
(1234, 16, 3, 2, 1),
(1235, 17, 3, 2, 1),
(1236, 18, 3, 2, 2),
(1237, 19, 3, 2, 3),
(1238, 20, 3, 2, 3),
(1239, 21, 3, 2, 1),
(1240, 1, 4, 2, 2),
(1241, 2, 4, 2, 2),
(1242, 3, 4, 2, 2),
(1243, 4, 4, 2, 3),
(1244, 5, 4, 2, 3),
(1245, 6, 4, 2, 2),
(1246, 7, 4, 2, 3),
(1247, 8, 4, 2, 2),
(1248, 9, 4, 2, 1),
(1249, 10, 4, 2, 3),
(1250, 11, 4, 2, 3),
(1251, 12, 4, 2, 3),
(1252, 13, 4, 2, 3),
(1253, 14, 4, 2, 1),
(1254, 15, 4, 2, 1),
(1255, 16, 4, 2, 1),
(1256, 17, 4, 2, 2),
(1257, 18, 4, 2, 1),
(1258, 19, 4, 2, 2),
(1259, 20, 4, 2, 3),
(1260, 21, 4, 2, 2),
(1261, 1, 5, 2, 2),
(1262, 2, 5, 2, 1),
(1263, 3, 5, 2, 3),
(1264, 4, 5, 2, 1),
(1265, 5, 5, 2, 2),
(1266, 6, 5, 2, 1),
(1267, 7, 5, 2, 2),
(1268, 8, 5, 2, 2),
(1269, 9, 5, 2, 2),
(1270, 10, 5, 2, 2),
(1271, 11, 5, 2, 3),
(1272, 12, 5, 2, 1),
(1273, 13, 5, 2, 2),
(1274, 14, 5, 2, 1),
(1275, 15, 5, 2, 2),
(1276, 16, 5, 2, 2),
(1277, 17, 5, 2, 3),
(1278, 18, 5, 2, 1),
(1279, 19, 5, 2, 3),
(1280, 20, 5, 2, 3),
(1281, 21, 5, 2, 1),
(1282, 1, 6, 2, 3),
(1283, 2, 6, 2, 1),
(1284, 3, 6, 2, 3),
(1285, 4, 6, 2, 3),
(1286, 5, 6, 2, 3),
(1287, 6, 6, 2, 3),
(1288, 7, 6, 2, 3),
(1289, 8, 6, 2, 3),
(1290, 9, 6, 2, 2),
(1291, 10, 6, 2, 3),
(1292, 11, 6, 2, 3),
(1293, 12, 6, 2, 3),
(1294, 13, 6, 2, 3),
(1295, 14, 6, 2, 3),
(1296, 15, 6, 2, 3),
(1297, 16, 6, 2, 3),
(1298, 17, 6, 2, 3),
(1299, 18, 6, 2, 1),
(1300, 19, 6, 2, 3),
(1301, 20, 6, 2, 3),
(1302, 21, 6, 2, 3),
(1303, 1, 7, 2, 2),
(1304, 2, 7, 2, 2),
(1305, 3, 7, 2, 3),
(1306, 4, 7, 2, 1),
(1307, 5, 7, 2, 1),
(1308, 6, 7, 2, 1),
(1309, 7, 7, 2, 1),
(1310, 8, 7, 2, 3),
(1311, 9, 7, 2, 2),
(1312, 10, 7, 2, 3),
(1313, 11, 7, 2, 3),
(1314, 12, 7, 2, 3),
(1315, 13, 7, 2, 1),
(1316, 14, 7, 2, 1),
(1317, 15, 7, 2, 2),
(1318, 16, 7, 2, 3),
(1319, 17, 7, 2, 3),
(1320, 18, 7, 2, 1),
(1321, 19, 7, 2, 3),
(1322, 20, 7, 2, 3),
(1323, 21, 7, 2, 2),
(1324, 1, 8, 2, 3),
(1325, 2, 8, 2, 4),
(1326, 3, 8, 2, 4),
(1327, 4, 8, 2, 2),
(1328, 5, 8, 2, 3),
(1329, 6, 8, 2, 4),
(1330, 7, 8, 2, 3),
(1331, 8, 8, 2, 4),
(1332, 9, 8, 2, 2),
(1333, 10, 8, 2, 4),
(1334, 11, 8, 2, 3),
(1335, 12, 8, 2, 3),
(1336, 13, 8, 2, 3),
(1337, 14, 8, 2, 3),
(1338, 15, 8, 2, 3),
(1339, 16, 8, 2, 3),
(1340, 17, 8, 2, 2),
(1341, 18, 8, 2, 3),
(1342, 19, 8, 2, 3),
(1343, 20, 8, 2, 3),
(1344, 21, 8, 2, 3),
(1513, 1, 1, 4, 2),
(1514, 2, 1, 4, 1),
(1515, 3, 1, 4, 1),
(1516, 4, 1, 4, 1),
(1517, 5, 1, 4, 2),
(1518, 6, 1, 4, 1),
(1519, 7, 1, 4, 2),
(1520, 8, 1, 4, 1),
(1521, 9, 1, 4, 1),
(1522, 10, 1, 4, 1),
(1523, 11, 1, 4, 2),
(1524, 12, 1, 4, 1),
(1525, 13, 1, 4, 2),
(1526, 14, 1, 4, 1),
(1527, 15, 1, 4, 1),
(1528, 16, 1, 4, 2),
(1529, 17, 1, 4, 1),
(1530, 18, 1, 4, 1),
(1531, 19, 1, 4, 1),
(1532, 20, 1, 4, 1),
(1533, 21, 1, 4, 1),
(1534, 1, 2, 4, 2),
(1535, 2, 2, 4, 2),
(1536, 3, 2, 4, 3),
(1537, 4, 2, 4, 3),
(1538, 5, 2, 4, 3),
(1539, 6, 2, 4, 2),
(1540, 7, 2, 4, 3),
(1541, 8, 2, 4, 2),
(1542, 9, 2, 4, 2),
(1543, 10, 2, 4, 2),
(1544, 11, 2, 4, 2),
(1545, 12, 2, 4, 1),
(1546, 13, 2, 4, 3),
(1547, 14, 2, 4, 1),
(1548, 15, 2, 4, 3),
(1549, 16, 2, 4, 3),
(1550, 17, 2, 4, 3),
(1551, 18, 2, 4, 1),
(1552, 19, 2, 4, 2),
(1553, 20, 2, 4, 3),
(1554, 21, 2, 4, 2),
(1555, 1, 3, 4, 2),
(1556, 2, 3, 4, 1),
(1557, 3, 3, 4, 3),
(1558, 4, 3, 4, 1),
(1559, 5, 3, 4, 2),
(1560, 6, 3, 4, 1),
(1561, 7, 3, 4, 2),
(1562, 8, 3, 4, 1),
(1563, 9, 3, 4, 2),
(1564, 10, 3, 4, 2),
(1565, 11, 3, 4, 2),
(1566, 12, 3, 4, 1),
(1567, 13, 3, 4, 2),
(1568, 14, 3, 4, 2),
(1569, 15, 3, 4, 1),
(1570, 16, 3, 4, 1),
(1571, 17, 3, 4, 1),
(1572, 18, 3, 4, 2),
(1573, 19, 3, 4, 3),
(1574, 20, 3, 4, 3),
(1575, 21, 3, 4, 1),
(1576, 1, 4, 4, 2),
(1577, 2, 4, 4, 2),
(1578, 3, 4, 4, 2),
(1579, 4, 4, 4, 3),
(1580, 5, 4, 4, 3),
(1581, 6, 4, 4, 2),
(1582, 7, 4, 4, 3),
(1583, 8, 4, 4, 2),
(1584, 9, 4, 4, 1),
(1585, 10, 4, 4, 3),
(1586, 11, 4, 4, 3),
(1587, 12, 4, 4, 3),
(1588, 13, 4, 4, 3),
(1589, 14, 4, 4, 1),
(1590, 15, 4, 4, 1),
(1591, 16, 4, 4, 1),
(1592, 17, 4, 4, 2),
(1593, 18, 4, 4, 1),
(1594, 19, 4, 4, 2),
(1595, 20, 4, 4, 3),
(1596, 21, 4, 4, 2),
(1597, 1, 5, 4, 2),
(1598, 2, 5, 4, 1),
(1599, 3, 5, 4, 3),
(1600, 4, 5, 4, 1),
(1601, 5, 5, 4, 2),
(1602, 6, 5, 4, 1),
(1603, 7, 5, 4, 2),
(1604, 8, 5, 4, 2),
(1605, 9, 5, 4, 2),
(1606, 10, 5, 4, 2),
(1607, 11, 5, 4, 3),
(1608, 12, 5, 4, 1),
(1609, 13, 5, 4, 2),
(1610, 14, 5, 4, 1),
(1611, 15, 5, 4, 2),
(1612, 16, 5, 4, 2),
(1613, 17, 5, 4, 3),
(1614, 18, 5, 4, 1),
(1615, 19, 5, 4, 3),
(1616, 20, 5, 4, 3),
(1617, 21, 5, 4, 1),
(1618, 1, 6, 4, 3),
(1619, 2, 6, 4, 1),
(1620, 3, 6, 4, 3),
(1621, 4, 6, 4, 3),
(1622, 5, 6, 4, 3),
(1623, 6, 6, 4, 3),
(1624, 7, 6, 4, 3),
(1625, 8, 6, 4, 3),
(1626, 9, 6, 4, 2),
(1627, 10, 6, 4, 3),
(1628, 11, 6, 4, 3),
(1629, 12, 6, 4, 3),
(1630, 13, 6, 4, 3),
(1631, 14, 6, 4, 3),
(1632, 15, 6, 4, 3),
(1633, 16, 6, 4, 3),
(1634, 17, 6, 4, 3),
(1635, 18, 6, 4, 1),
(1636, 19, 6, 4, 3),
(1637, 20, 6, 4, 3),
(1638, 21, 6, 4, 3),
(1639, 1, 7, 4, 2),
(1640, 2, 7, 4, 2),
(1641, 3, 7, 4, 3),
(1642, 4, 7, 4, 1),
(1643, 5, 7, 4, 1),
(1644, 6, 7, 4, 1),
(1645, 7, 7, 4, 1),
(1646, 8, 7, 4, 3),
(1647, 9, 7, 4, 2),
(1648, 10, 7, 4, 3),
(1649, 11, 7, 4, 3),
(1650, 12, 7, 4, 3),
(1651, 13, 7, 4, 1),
(1652, 14, 7, 4, 1),
(1653, 15, 7, 4, 2),
(1654, 16, 7, 4, 3),
(1655, 17, 7, 4, 3),
(1656, 18, 7, 4, 1),
(1657, 19, 7, 4, 3),
(1658, 20, 7, 4, 3),
(1659, 21, 7, 4, 2),
(1660, 1, 8, 4, 3),
(1661, 2, 8, 4, 4),
(1662, 3, 8, 4, 4),
(1663, 4, 8, 4, 2),
(1664, 5, 8, 4, 3),
(1665, 6, 8, 4, 4),
(1666, 7, 8, 4, 3),
(1667, 8, 8, 4, 4),
(1668, 9, 8, 4, 2),
(1669, 10, 8, 4, 4),
(1670, 11, 8, 4, 3),
(1671, 12, 8, 4, 3),
(1672, 13, 8, 4, 3),
(1673, 14, 8, 4, 3),
(1674, 15, 8, 4, 3),
(1675, 16, 8, 4, 3),
(1676, 17, 8, 4, 2),
(1677, 18, 8, 4, 3),
(1678, 19, 8, 4, 3),
(1679, 20, 8, 4, 3),
(1680, 21, 8, 4, 3),
(1681, 1, 1, 5, 2),
(1682, 2, 1, 5, 1),
(1683, 3, 1, 5, 1),
(1684, 4, 1, 5, 1),
(1685, 5, 1, 5, 2),
(1686, 6, 1, 5, 1),
(1687, 7, 1, 5, 2),
(1688, 8, 1, 5, 1),
(1689, 9, 1, 5, 1),
(1690, 10, 1, 5, 1),
(1691, 11, 1, 5, 2),
(1692, 12, 1, 5, 1),
(1693, 13, 1, 5, 2),
(1694, 14, 1, 5, 1),
(1695, 15, 1, 5, 1),
(1696, 16, 1, 5, 1),
(1697, 17, 1, 5, 1),
(1698, 18, 1, 5, 1),
(1699, 19, 1, 5, 1),
(1700, 20, 1, 5, 1),
(1701, 21, 1, 5, 1),
(1702, 1, 2, 5, 2),
(1703, 2, 2, 5, 2),
(1704, 3, 2, 5, 3),
(1705, 4, 2, 5, 3),
(1706, 5, 2, 5, 3),
(1707, 6, 2, 5, 1),
(1708, 7, 2, 5, 3),
(1709, 8, 2, 5, 2),
(1710, 9, 2, 5, 2),
(1711, 10, 2, 5, 2),
(1712, 11, 2, 5, 2),
(1713, 12, 2, 5, 1),
(1714, 13, 2, 5, 3),
(1715, 14, 2, 5, 1),
(1716, 15, 2, 5, 3),
(1717, 16, 2, 5, 2),
(1718, 17, 2, 5, 3),
(1719, 18, 2, 5, 1),
(1720, 19, 2, 5, 2),
(1721, 20, 2, 5, 3),
(1722, 21, 2, 5, 2),
(1723, 1, 3, 5, 2),
(1724, 2, 3, 5, 1),
(1725, 3, 3, 5, 3),
(1726, 4, 3, 5, 1),
(1727, 5, 3, 5, 2),
(1728, 6, 3, 5, 1),
(1729, 7, 3, 5, 2),
(1730, 8, 3, 5, 1),
(1731, 9, 3, 5, 2),
(1732, 10, 3, 5, 2),
(1733, 11, 3, 5, 2),
(1734, 12, 3, 5, 1),
(1735, 13, 3, 5, 2),
(1736, 14, 3, 5, 2),
(1737, 15, 3, 5, 1),
(1738, 16, 3, 5, 2),
(1739, 17, 3, 5, 1),
(1740, 18, 3, 5, 2),
(1741, 19, 3, 5, 3),
(1742, 20, 3, 5, 3),
(1743, 21, 3, 5, 1),
(1744, 1, 4, 5, 2),
(1745, 2, 4, 5, 2),
(1746, 3, 4, 5, 2),
(1747, 4, 4, 5, 3),
(1748, 5, 4, 5, 3),
(1749, 6, 4, 5, 1),
(1750, 7, 4, 5, 3),
(1751, 8, 4, 5, 2),
(1752, 9, 4, 5, 1),
(1753, 10, 4, 5, 3),
(1754, 11, 4, 5, 3),
(1755, 12, 4, 5, 2),
(1756, 13, 4, 5, 3),
(1757, 14, 4, 5, 1),
(1758, 15, 4, 5, 1),
(1759, 16, 4, 5, 2),
(1760, 17, 4, 5, 1),
(1761, 18, 4, 5, 1),
(1762, 19, 4, 5, 2),
(1763, 20, 4, 5, 3),
(1764, 21, 4, 5, 2),
(1765, 1, 5, 5, 2),
(1766, 2, 5, 5, 1),
(1767, 3, 5, 5, 3),
(1768, 4, 5, 5, 1),
(1769, 5, 5, 5, 2),
(1770, 6, 5, 5, 1),
(1771, 7, 5, 5, 2),
(1772, 8, 5, 5, 2),
(1773, 9, 5, 5, 2),
(1774, 10, 5, 5, 2),
(1775, 11, 5, 5, 3),
(1776, 12, 5, 5, 1),
(1777, 13, 5, 5, 3),
(1778, 14, 5, 5, 1),
(1779, 15, 5, 5, 2),
(1780, 16, 5, 5, 1),
(1781, 17, 5, 5, 3),
(1782, 18, 5, 5, 1),
(1783, 19, 5, 5, 3),
(1784, 20, 5, 5, 3),
(1785, 21, 5, 5, 1),
(1786, 1, 6, 5, 3),
(1787, 2, 6, 5, 2),
(1788, 3, 6, 5, 3),
(1789, 4, 6, 5, 3),
(1790, 5, 6, 5, 3),
(1791, 6, 6, 5, 2),
(1792, 7, 6, 5, 3),
(1793, 8, 6, 5, 3),
(1794, 9, 6, 5, 2),
(1795, 10, 6, 5, 3),
(1796, 11, 6, 5, 3),
(1797, 12, 6, 5, 3),
(1798, 13, 6, 5, 3),
(1799, 14, 6, 5, 3),
(1800, 15, 6, 5, 3),
(1801, 16, 6, 5, 3),
(1802, 17, 6, 5, 3),
(1803, 18, 6, 5, 1),
(1804, 19, 6, 5, 3),
(1805, 20, 6, 5, 3),
(1806, 21, 6, 5, 3),
(1807, 1, 7, 5, 2),
(1808, 2, 7, 5, 2),
(1809, 3, 7, 5, 3),
(1810, 4, 7, 5, 1),
(1811, 5, 7, 5, 1),
(1812, 6, 7, 5, 2),
(1813, 7, 7, 5, 1),
(1814, 8, 7, 5, 3),
(1815, 9, 7, 5, 2),
(1816, 10, 7, 5, 3),
(1817, 11, 7, 5, 3),
(1818, 12, 7, 5, 3),
(1819, 13, 7, 5, 2),
(1820, 14, 7, 5, 1),
(1821, 15, 7, 5, 2),
(1822, 16, 7, 5, 3),
(1823, 17, 7, 5, 3),
(1824, 18, 7, 5, 1),
(1825, 19, 7, 5, 3),
(1826, 20, 7, 5, 3),
(1827, 21, 7, 5, 2),
(1828, 1, 8, 5, 3),
(1829, 2, 8, 5, 4),
(1830, 3, 8, 5, 4),
(1831, 4, 8, 5, 2),
(1832, 5, 8, 5, 3),
(1833, 6, 8, 5, 4),
(1834, 7, 8, 5, 3),
(1835, 8, 8, 5, 4),
(1836, 9, 8, 5, 2),
(1837, 10, 8, 5, 4),
(1838, 11, 8, 5, 3),
(1839, 12, 8, 5, 3),
(1840, 13, 8, 5, 3),
(1841, 14, 8, 5, 3),
(1842, 15, 8, 5, 3),
(1843, 16, 8, 5, 3),
(1844, 17, 8, 5, 1),
(1845, 18, 8, 5, 3),
(1846, 19, 8, 5, 3),
(1847, 20, 8, 5, 3),
(1848, 21, 8, 5, 3),
(1849, 1, 1, 6, 2),
(1850, 2, 1, 6, 1),
(1851, 3, 1, 6, 1),
(1852, 4, 1, 6, 1),
(1853, 5, 1, 6, 2),
(1854, 6, 1, 6, 1),
(1855, 7, 1, 6, 2),
(1856, 8, 1, 6, 1),
(1857, 9, 1, 6, 1),
(1858, 10, 1, 6, 1),
(1859, 11, 1, 6, 2),
(1860, 12, 1, 6, 1),
(1861, 13, 1, 6, 2),
(1862, 14, 1, 6, 1),
(1863, 15, 1, 6, 1),
(1864, 16, 1, 6, 1),
(1865, 17, 1, 6, 1),
(1866, 18, 1, 6, 1),
(1867, 19, 1, 6, 1),
(1868, 20, 1, 6, 1),
(1869, 21, 1, 6, 1),
(1870, 1, 2, 6, 2),
(1871, 2, 2, 6, 2),
(1872, 3, 2, 6, 3),
(1873, 4, 2, 6, 3),
(1874, 5, 2, 6, 3),
(1875, 6, 2, 6, 1),
(1876, 7, 2, 6, 3),
(1877, 8, 2, 6, 2),
(1878, 9, 2, 6, 2),
(1879, 10, 2, 6, 2),
(1880, 11, 2, 6, 2),
(1881, 12, 2, 6, 1),
(1882, 13, 2, 6, 3),
(1883, 14, 2, 6, 1),
(1884, 15, 2, 6, 3),
(1885, 16, 2, 6, 2),
(1886, 17, 2, 6, 3),
(1887, 18, 2, 6, 1),
(1888, 19, 2, 6, 2),
(1889, 20, 2, 6, 2),
(1890, 21, 2, 6, 2),
(1891, 1, 3, 6, 2),
(1892, 2, 3, 6, 1),
(1893, 3, 3, 6, 1),
(1894, 4, 3, 6, 1),
(1895, 5, 3, 6, 2),
(1896, 6, 3, 6, 1),
(1897, 7, 3, 6, 2),
(1898, 8, 3, 6, 1),
(1899, 9, 3, 6, 2),
(1900, 10, 3, 6, 2),
(1901, 11, 3, 6, 2),
(1902, 12, 3, 6, 1),
(1903, 13, 3, 6, 2),
(1904, 14, 3, 6, 2),
(1905, 15, 3, 6, 1),
(1906, 16, 3, 6, 2),
(1907, 17, 3, 6, 1),
(1908, 18, 3, 6, 2),
(1909, 19, 3, 6, 3),
(1910, 20, 3, 6, 3),
(1911, 21, 3, 6, 1),
(1912, 1, 4, 6, 2),
(1913, 2, 4, 6, 2),
(1914, 3, 4, 6, 2),
(1915, 4, 4, 6, 3),
(1916, 5, 4, 6, 3),
(1917, 6, 4, 6, 1),
(1918, 7, 4, 6, 3),
(1919, 8, 4, 6, 2),
(1920, 9, 4, 6, 1),
(1921, 10, 4, 6, 3),
(1922, 11, 4, 6, 3),
(1923, 12, 4, 6, 2),
(1924, 13, 4, 6, 3),
(1925, 14, 4, 6, 1),
(1926, 15, 4, 6, 1),
(1927, 16, 4, 6, 2),
(1928, 17, 4, 6, 1),
(1929, 18, 4, 6, 1),
(1930, 19, 4, 6, 2),
(1931, 20, 4, 6, 3),
(1932, 21, 4, 6, 2),
(1933, 1, 5, 6, 2),
(1934, 2, 5, 6, 1),
(1935, 3, 5, 6, 3),
(1936, 4, 5, 6, 1),
(1937, 5, 5, 6, 2),
(1938, 6, 5, 6, 1),
(1939, 7, 5, 6, 2),
(1940, 8, 5, 6, 2),
(1941, 9, 5, 6, 2),
(1942, 10, 5, 6, 2),
(1943, 11, 5, 6, 3),
(1944, 12, 5, 6, 1),
(1945, 13, 5, 6, 3),
(1946, 14, 5, 6, 1),
(1947, 15, 5, 6, 2),
(1948, 16, 5, 6, 1),
(1949, 17, 5, 6, 3),
(1950, 18, 5, 6, 1),
(1951, 19, 5, 6, 3),
(1952, 20, 5, 6, 2),
(1953, 21, 5, 6, 1),
(1954, 1, 6, 6, 3),
(1955, 2, 6, 6, 2),
(1956, 3, 6, 6, 3),
(1957, 4, 6, 6, 3),
(1958, 5, 6, 6, 3),
(1959, 6, 6, 6, 2),
(1960, 7, 6, 6, 3),
(1961, 8, 6, 6, 3),
(1962, 9, 6, 6, 2),
(1963, 10, 6, 6, 3),
(1964, 11, 6, 6, 3),
(1965, 12, 6, 6, 3),
(1966, 13, 6, 6, 3),
(1967, 14, 6, 6, 3),
(1968, 15, 6, 6, 3),
(1969, 16, 6, 6, 3),
(1970, 17, 6, 6, 3),
(1971, 18, 6, 6, 1),
(1972, 19, 6, 6, 3),
(1973, 20, 6, 6, 3),
(1974, 21, 6, 6, 3),
(1975, 1, 7, 6, 2),
(1976, 2, 7, 6, 2),
(1977, 3, 7, 6, 3),
(1978, 4, 7, 6, 1),
(1979, 5, 7, 6, 1),
(1980, 6, 7, 6, 2),
(1981, 7, 7, 6, 1),
(1982, 8, 7, 6, 3),
(1983, 9, 7, 6, 2),
(1984, 10, 7, 6, 3),
(1985, 11, 7, 6, 3),
(1986, 12, 7, 6, 3),
(1987, 13, 7, 6, 2),
(1988, 14, 7, 6, 1),
(1989, 15, 7, 6, 2),
(1990, 16, 7, 6, 3),
(1991, 17, 7, 6, 3),
(1992, 18, 7, 6, 1),
(1993, 19, 7, 6, 3),
(1994, 20, 7, 6, 3),
(1995, 21, 7, 6, 2),
(1996, 1, 8, 6, 3),
(1997, 2, 8, 6, 4),
(1998, 3, 8, 6, 4),
(1999, 4, 8, 6, 2),
(2000, 5, 8, 6, 3),
(2001, 6, 8, 6, 4),
(2002, 7, 8, 6, 3),
(2003, 8, 8, 6, 4),
(2004, 9, 8, 6, 2),
(2005, 10, 8, 6, 4),
(2006, 11, 8, 6, 3),
(2007, 12, 8, 6, 3),
(2008, 13, 8, 6, 3),
(2009, 14, 8, 6, 3),
(2010, 15, 8, 6, 3),
(2011, 16, 8, 6, 3),
(2012, 17, 8, 6, 1),
(2013, 18, 8, 6, 3),
(2014, 19, 8, 6, 3),
(2015, 20, 8, 6, 3),
(2016, 21, 8, 6, 3),
(2017, 1, 1, 7, 2),
(2018, 2, 1, 7, 1),
(2019, 3, 1, 7, 1),
(2020, 4, 1, 7, 1),
(2021, 5, 1, 7, 2),
(2022, 6, 1, 7, 2),
(2023, 7, 1, 7, 1),
(2024, 8, 1, 7, 1),
(2025, 9, 1, 7, 1),
(2026, 10, 1, 7, 1),
(2027, 11, 1, 7, 2),
(2028, 12, 1, 7, 1),
(2029, 13, 1, 7, 2),
(2030, 14, 1, 7, 1),
(2031, 15, 1, 7, 2),
(2032, 16, 1, 7, 2),
(2033, 17, 1, 7, 1),
(2034, 18, 1, 7, 1),
(2035, 19, 1, 7, 1),
(2036, 20, 1, 7, 1),
(2037, 21, 1, 7, 1),
(2038, 1, 2, 7, 2),
(2039, 2, 2, 7, 2),
(2040, 3, 2, 7, 3),
(2041, 4, 2, 7, 3),
(2042, 5, 2, 7, 3),
(2043, 6, 2, 7, 2),
(2044, 7, 2, 7, 3),
(2045, 8, 2, 7, 2),
(2046, 9, 2, 7, 2),
(2047, 10, 2, 7, 2),
(2048, 11, 2, 7, 2),
(2049, 12, 2, 7, 1),
(2050, 13, 2, 7, 3),
(2051, 14, 2, 7, 1),
(2052, 15, 2, 7, 3),
(2053, 16, 2, 7, 1),
(2054, 17, 2, 7, 2),
(2055, 18, 2, 7, 1),
(2056, 19, 2, 7, 2),
(2057, 20, 2, 7, 2),
(2058, 21, 2, 7, 2),
(2059, 1, 3, 7, 2),
(2060, 2, 3, 7, 1),
(2061, 3, 3, 7, 1),
(2062, 4, 3, 7, 1),
(2063, 5, 3, 7, 2),
(2064, 6, 3, 7, 1),
(2065, 7, 3, 7, 1),
(2066, 8, 3, 7, 1),
(2067, 9, 3, 7, 2),
(2068, 10, 3, 7, 2),
(2069, 11, 3, 7, 2),
(2070, 12, 3, 7, 1),
(2071, 13, 3, 7, 1),
(2072, 14, 3, 7, 2),
(2073, 15, 3, 7, 2),
(2074, 16, 3, 7, 1),
(2075, 17, 3, 7, 1),
(2076, 18, 3, 7, 2),
(2077, 19, 3, 7, 3),
(2078, 20, 3, 7, 3),
(2079, 21, 3, 7, 1),
(2080, 1, 4, 7, 2),
(2081, 2, 4, 7, 3),
(2082, 3, 4, 7, 2),
(2083, 4, 4, 7, 3),
(2084, 5, 4, 7, 3),
(2085, 6, 4, 7, 2),
(2086, 7, 4, 7, 3),
(2087, 8, 4, 7, 2),
(2088, 9, 4, 7, 1),
(2089, 10, 4, 7, 3),
(2090, 11, 4, 7, 3),
(2091, 12, 4, 7, 2),
(2092, 13, 4, 7, 3),
(2093, 14, 4, 7, 1),
(2094, 15, 4, 7, 1),
(2095, 16, 4, 7, 2),
(2096, 17, 4, 7, 2),
(2097, 18, 4, 7, 1),
(2098, 19, 4, 7, 2),
(2099, 20, 4, 7, 3),
(2100, 21, 4, 7, 1),
(2101, 1, 5, 7, 2),
(2102, 2, 5, 7, 1),
(2103, 3, 5, 7, 3),
(2104, 4, 5, 7, 1),
(2105, 5, 5, 7, 2),
(2106, 6, 5, 7, 3),
(2107, 7, 5, 7, 3),
(2108, 8, 5, 7, 2),
(2109, 9, 5, 7, 2),
(2110, 10, 5, 7, 2),
(2111, 11, 5, 7, 3),
(2112, 12, 5, 7, 1),
(2113, 13, 5, 7, 2),
(2114, 14, 5, 7, 2),
(2115, 15, 5, 7, 2),
(2116, 16, 5, 7, 2),
(2117, 17, 5, 7, 3),
(2118, 18, 5, 7, 1),
(2119, 19, 5, 7, 3),
(2120, 20, 5, 7, 2),
(2121, 21, 5, 7, 1),
(2122, 1, 6, 7, 3),
(2123, 2, 6, 7, 2),
(2124, 3, 6, 7, 3),
(2125, 4, 6, 7, 3),
(2126, 5, 6, 7, 3),
(2127, 6, 6, 7, 3),
(2128, 7, 6, 7, 2),
(2129, 8, 6, 7, 3),
(2130, 9, 6, 7, 2),
(2131, 10, 6, 7, 3),
(2132, 11, 6, 7, 3),
(2133, 12, 6, 7, 3),
(2134, 13, 6, 7, 3),
(2135, 14, 6, 7, 3),
(2136, 15, 6, 7, 3),
(2137, 16, 6, 7, 4),
(2138, 17, 6, 7, 3),
(2139, 18, 6, 7, 1),
(2140, 19, 6, 7, 3),
(2141, 20, 6, 7, 3),
(2142, 21, 6, 7, 3),
(2143, 1, 7, 7, 2),
(2144, 2, 7, 7, 2),
(2145, 3, 7, 7, 3),
(2146, 4, 7, 7, 1),
(2147, 5, 7, 7, 1),
(2148, 6, 7, 7, 2),
(2149, 7, 7, 7, 1),
(2150, 8, 7, 7, 3),
(2151, 9, 7, 7, 2),
(2152, 10, 7, 7, 3),
(2153, 11, 7, 7, 3),
(2154, 12, 7, 7, 3),
(2155, 13, 7, 7, 2),
(2156, 14, 7, 7, 1),
(2157, 15, 7, 7, 2),
(2158, 16, 7, 7, 3),
(2159, 17, 7, 7, 2),
(2160, 18, 7, 7, 1),
(2161, 19, 7, 7, 3),
(2162, 20, 7, 7, 3),
(2163, 21, 7, 7, 1),
(2164, 1, 8, 7, 3),
(2165, 2, 8, 7, 4),
(2166, 3, 8, 7, 4),
(2167, 4, 8, 7, 2),
(2168, 5, 8, 7, 3),
(2169, 6, 8, 7, 4),
(2170, 7, 8, 7, 3),
(2171, 8, 8, 7, 4),
(2172, 9, 8, 7, 2),
(2173, 10, 8, 7, 4),
(2174, 11, 8, 7, 3),
(2175, 12, 8, 7, 3),
(2176, 13, 8, 7, 3),
(2177, 14, 8, 7, 3),
(2178, 15, 8, 7, 3),
(2179, 16, 8, 7, 3),
(2180, 17, 8, 7, 1),
(2181, 18, 8, 7, 3),
(2182, 19, 8, 7, 3),
(2183, 20, 8, 7, 3),
(2184, 21, 8, 7, 2),
(2185, 1, 1, 8, 2),
(2186, 2, 1, 8, 1),
(2187, 3, 1, 8, 1),
(2188, 4, 1, 8, 1),
(2189, 5, 1, 8, 1),
(2190, 6, 1, 8, 2),
(2191, 7, 1, 8, 2),
(2192, 8, 1, 8, 1),
(2193, 9, 1, 8, 1),
(2194, 10, 1, 8, 1),
(2195, 11, 1, 8, 2),
(2196, 12, 1, 8, 1),
(2197, 13, 1, 8, 2),
(2198, 14, 1, 8, 1),
(2199, 15, 1, 8, 2),
(2200, 16, 1, 8, 2),
(2201, 17, 1, 8, 1),
(2202, 18, 1, 8, 1),
(2203, 19, 1, 8, 1),
(2204, 20, 1, 8, 1),
(2205, 21, 1, 8, 1),
(2206, 1, 2, 8, 2),
(2207, 2, 2, 8, 2),
(2208, 3, 2, 8, 3),
(2209, 4, 2, 8, 3),
(2210, 5, 2, 8, 3),
(2211, 6, 2, 8, 3),
(2212, 7, 2, 8, 3),
(2213, 8, 2, 8, 2),
(2214, 9, 2, 8, 2),
(2215, 10, 2, 8, 2),
(2216, 11, 2, 8, 2),
(2217, 12, 2, 8, 1),
(2218, 13, 2, 8, 3),
(2219, 14, 2, 8, 1),
(2220, 15, 2, 8, 3),
(2221, 16, 2, 8, 1),
(2222, 17, 2, 8, 2),
(2223, 18, 2, 8, 1),
(2224, 19, 2, 8, 2),
(2225, 20, 2, 8, 2),
(2226, 21, 2, 8, 2),
(2227, 1, 3, 8, 2),
(2228, 2, 3, 8, 1),
(2229, 3, 3, 8, 1),
(2230, 4, 3, 8, 1),
(2231, 5, 3, 8, 1),
(2232, 6, 3, 8, 1),
(2233, 7, 3, 8, 2),
(2234, 8, 3, 8, 1),
(2235, 9, 3, 8, 2),
(2236, 10, 3, 8, 2),
(2237, 11, 3, 8, 2),
(2238, 12, 3, 8, 1),
(2239, 13, 3, 8, 1),
(2240, 14, 3, 8, 2),
(2241, 15, 3, 8, 2),
(2242, 16, 3, 8, 1),
(2243, 17, 3, 8, 1),
(2244, 18, 3, 8, 2),
(2245, 19, 3, 8, 3),
(2246, 20, 3, 8, 3),
(2247, 21, 3, 8, 1),
(2248, 1, 4, 8, 2),
(2249, 2, 4, 8, 3),
(2250, 3, 4, 8, 2),
(2251, 4, 4, 8, 3),
(2252, 5, 4, 8, 3),
(2253, 6, 4, 8, 3),
(2254, 7, 4, 8, 3),
(2255, 8, 4, 8, 2),
(2256, 9, 4, 8, 1),
(2257, 10, 4, 8, 3),
(2258, 11, 4, 8, 3),
(2259, 12, 4, 8, 2),
(2260, 13, 4, 8, 3),
(2261, 14, 4, 8, 1),
(2262, 15, 4, 8, 1),
(2263, 16, 4, 8, 2),
(2264, 17, 4, 8, 2),
(2265, 18, 4, 8, 1),
(2266, 19, 4, 8, 2),
(2267, 20, 4, 8, 3),
(2268, 21, 4, 8, 1),
(2269, 1, 5, 8, 2),
(2270, 2, 5, 8, 1),
(2271, 3, 5, 8, 3),
(2272, 4, 5, 8, 1),
(2273, 5, 5, 8, 2),
(2274, 6, 5, 8, 3),
(2275, 7, 5, 8, 3),
(2276, 8, 5, 8, 2),
(2277, 9, 5, 8, 2),
(2278, 10, 5, 8, 2),
(2279, 11, 5, 8, 3),
(2280, 12, 5, 8, 1),
(2281, 13, 5, 8, 2),
(2282, 14, 5, 8, 2),
(2283, 15, 5, 8, 2),
(2284, 16, 5, 8, 2),
(2285, 17, 5, 8, 3),
(2286, 18, 5, 8, 1),
(2287, 19, 5, 8, 3),
(2288, 20, 5, 8, 2),
(2289, 21, 5, 8, 1),
(2290, 1, 6, 8, 3),
(2291, 2, 6, 8, 2),
(2292, 3, 6, 8, 3),
(2293, 4, 6, 8, 3),
(2294, 5, 6, 8, 3),
(2295, 6, 6, 8, 3),
(2296, 7, 6, 8, 2),
(2297, 8, 6, 8, 3),
(2298, 9, 6, 8, 2),
(2299, 10, 6, 8, 3),
(2300, 11, 6, 8, 3),
(2301, 12, 6, 8, 3),
(2302, 13, 6, 8, 3),
(2303, 14, 6, 8, 3),
(2304, 15, 6, 8, 3),
(2305, 16, 6, 8, 4),
(2306, 17, 6, 8, 3),
(2307, 18, 6, 8, 1),
(2308, 19, 6, 8, 3),
(2309, 20, 6, 8, 3),
(2310, 21, 6, 8, 3),
(2311, 1, 7, 8, 2),
(2312, 2, 7, 8, 2),
(2313, 3, 7, 8, 3),
(2314, 4, 7, 8, 1),
(2315, 5, 7, 8, 1),
(2316, 6, 7, 8, 2),
(2317, 7, 7, 8, 1),
(2318, 8, 7, 8, 3),
(2319, 9, 7, 8, 2),
(2320, 10, 7, 8, 3),
(2321, 11, 7, 8, 3),
(2322, 12, 7, 8, 3),
(2323, 13, 7, 8, 2),
(2324, 14, 7, 8, 1),
(2325, 15, 7, 8, 2),
(2326, 16, 7, 8, 3),
(2327, 17, 7, 8, 2),
(2328, 18, 7, 8, 1),
(2329, 19, 7, 8, 3),
(2330, 20, 7, 8, 3),
(2331, 21, 7, 8, 1),
(2332, 1, 8, 8, 3),
(2333, 2, 8, 8, 4),
(2334, 3, 8, 8, 4),
(2335, 4, 8, 8, 2),
(2336, 5, 8, 8, 3),
(2337, 6, 8, 8, 4),
(2338, 7, 8, 8, 3),
(2339, 8, 8, 8, 4),
(2340, 9, 8, 8, 2),
(2341, 10, 8, 8, 4),
(2342, 11, 8, 8, 3),
(2343, 12, 8, 8, 3),
(2344, 13, 8, 8, 3),
(2345, 14, 8, 8, 3),
(2346, 15, 8, 8, 3),
(2347, 16, 8, 8, 3),
(2348, 17, 8, 8, 1),
(2349, 18, 8, 8, 3),
(2350, 19, 8, 8, 3),
(2351, 20, 8, 8, 3),
(2352, 21, 8, 8, 2),
(2353, 1, 1, 9, 2),
(2354, 2, 1, 9, 1),
(2355, 3, 1, 9, 1),
(2356, 4, 1, 9, 1),
(2357, 5, 1, 9, 1),
(2358, 6, 1, 9, 2),
(2359, 7, 1, 9, 2),
(2360, 8, 1, 9, 1),
(2361, 9, 1, 9, 1),
(2362, 10, 1, 9, 1),
(2363, 11, 1, 9, 2),
(2364, 12, 1, 9, 1),
(2365, 13, 1, 9, 2),
(2366, 14, 1, 9, 1),
(2367, 15, 1, 9, 1),
(2368, 16, 1, 9, 1),
(2369, 17, 1, 9, 1),
(2370, 18, 1, 9, 1),
(2371, 19, 1, 9, 1),
(2372, 20, 1, 9, 1),
(2373, 21, 1, 9, 1),
(2374, 1, 2, 9, 2),
(2375, 2, 2, 9, 2),
(2376, 3, 2, 9, 3),
(2377, 4, 2, 9, 3),
(2378, 5, 2, 9, 3),
(2379, 6, 2, 9, 3),
(2380, 7, 2, 9, 3),
(2381, 8, 2, 9, 2),
(2382, 9, 2, 9, 2),
(2383, 10, 2, 9, 2),
(2384, 11, 2, 9, 2),
(2385, 12, 2, 9, 1),
(2386, 13, 2, 9, 3),
(2387, 14, 2, 9, 1),
(2388, 15, 2, 9, 3),
(2389, 16, 2, 9, 2),
(2390, 17, 2, 9, 2),
(2391, 18, 2, 9, 1),
(2392, 19, 2, 9, 2),
(2393, 20, 2, 9, 2),
(2394, 21, 2, 9, 2),
(2395, 1, 3, 9, 2),
(2396, 2, 3, 9, 1),
(2397, 3, 3, 9, 1),
(2398, 4, 3, 9, 3),
(2399, 5, 3, 9, 1),
(2400, 6, 3, 9, 2),
(2401, 7, 3, 9, 2),
(2402, 8, 3, 9, 1),
(2403, 9, 3, 9, 2),
(2404, 10, 3, 9, 2),
(2405, 11, 3, 9, 2),
(2406, 12, 3, 9, 1),
(2407, 13, 3, 9, 1),
(2408, 14, 3, 9, 2),
(2409, 15, 3, 9, 1),
(2410, 16, 3, 9, 1),
(2411, 17, 3, 9, 1),
(2412, 18, 3, 9, 2),
(2413, 19, 3, 9, 3),
(2414, 20, 3, 9, 3),
(2415, 21, 3, 9, 1),
(2416, 1, 4, 9, 2),
(2417, 2, 4, 9, 3),
(2418, 3, 4, 9, 2),
(2419, 4, 4, 9, 3),
(2420, 5, 4, 9, 3),
(2421, 6, 4, 9, 3),
(2422, 7, 4, 9, 3),
(2423, 8, 4, 9, 2),
(2424, 9, 4, 9, 1),
(2425, 10, 4, 9, 3),
(2426, 11, 4, 9, 3),
(2427, 12, 4, 9, 2),
(2428, 13, 4, 9, 3),
(2429, 14, 4, 9, 1),
(2430, 15, 4, 9, 1),
(2431, 16, 4, 9, 2),
(2432, 17, 4, 9, 3),
(2433, 18, 4, 9, 1),
(2434, 19, 4, 9, 2),
(2435, 20, 4, 9, 3),
(2436, 21, 4, 9, 1),
(2437, 1, 5, 9, 2),
(2438, 2, 5, 9, 1),
(2439, 3, 5, 9, 3),
(2440, 4, 5, 9, 1),
(2441, 5, 5, 9, 2),
(2442, 6, 5, 9, 3),
(2443, 7, 5, 9, 3),
(2444, 8, 5, 9, 2),
(2445, 9, 5, 9, 2),
(2446, 10, 5, 9, 2),
(2447, 11, 5, 9, 3),
(2448, 12, 5, 9, 2),
(2449, 13, 5, 9, 1),
(2450, 14, 5, 9, 2),
(2451, 15, 5, 9, 2),
(2452, 16, 5, 9, 3),
(2453, 17, 5, 9, 3),
(2454, 18, 5, 9, 1),
(2455, 19, 5, 9, 3),
(2456, 20, 5, 9, 2),
(2457, 21, 5, 9, 1),
(2458, 1, 6, 9, 3),
(2459, 2, 6, 9, 3),
(2460, 3, 6, 9, 3),
(2461, 4, 6, 9, 3),
(2462, 5, 6, 9, 3),
(2463, 6, 6, 9, 3),
(2464, 7, 6, 9, 2),
(2465, 8, 6, 9, 3),
(2466, 9, 6, 9, 2),
(2467, 10, 6, 9, 3),
(2468, 11, 6, 9, 3),
(2469, 12, 6, 9, 3),
(2470, 13, 6, 9, 3),
(2471, 14, 6, 9, 3),
(2472, 15, 6, 9, 3),
(2473, 16, 6, 9, 4),
(2474, 17, 6, 9, 3),
(2475, 18, 6, 9, 1),
(2476, 19, 6, 9, 3),
(2477, 20, 6, 9, 3),
(2478, 21, 6, 9, 3),
(2479, 1, 7, 9, 2),
(2480, 2, 7, 9, 2),
(2481, 3, 7, 9, 3),
(2482, 4, 7, 9, 2),
(2483, 5, 7, 9, 1),
(2484, 6, 7, 9, 2),
(2485, 7, 7, 9, 2),
(2486, 8, 7, 9, 3),
(2487, 9, 7, 9, 2),
(2488, 10, 7, 9, 3),
(2489, 11, 7, 9, 3),
(2490, 12, 7, 9, 3),
(2491, 13, 7, 9, 2),
(2492, 14, 7, 9, 1),
(2493, 15, 7, 9, 2),
(2494, 16, 7, 9, 3),
(2495, 17, 7, 9, 2),
(2496, 18, 7, 9, 1),
(2497, 19, 7, 9, 3),
(2498, 20, 7, 9, 3),
(2499, 21, 7, 9, 1),
(2500, 1, 8, 9, 3),
(2501, 2, 8, 9, 4),
(2502, 3, 8, 9, 4),
(2503, 4, 8, 9, 2),
(2504, 5, 8, 9, 3),
(2505, 6, 8, 9, 4),
(2506, 7, 8, 9, 3),
(2507, 8, 8, 9, 4),
(2508, 9, 8, 9, 2),
(2509, 10, 8, 9, 4),
(2510, 11, 8, 9, 3),
(2511, 12, 8, 9, 3),
(2512, 13, 8, 9, 3),
(2513, 14, 8, 9, 3),
(2514, 15, 8, 9, 3),
(2515, 16, 8, 9, 3),
(2516, 17, 8, 9, 2),
(2517, 18, 8, 9, 3),
(2518, 19, 8, 9, 3),
(2519, 20, 8, 9, 3),
(2520, 21, 8, 9, 2);

-- --------------------------------------------------------

--
-- Table structure for table `blood_type`
--

CREATE TABLE `blood_type` (
  `type_id` int(11) NOT NULL,
  `type_name` varchar(6) COLLATE utf8_polish_ci NOT NULL
) ENGINE=InnoDB DEFAULT CHARSET=utf8 COLLATE=utf8_polish_ci;

--
-- Dumping data for table `blood_type`
--

INSERT INTO `blood_type` (`type_id`, `type_name`) VALUES
(1, '0 Rh-'),
(2, '0 Rh+'),
(3, 'A Rh-'),
(4, 'A Rh+'),
(5, 'B Rh-'),
(6, 'B Rh+'),
(7, 'AB Rh-'),
(8, 'AB Rh+');

-- --------------------------------------------------------

--
-- Table structure for table `cities`
--

CREATE TABLE `cities` (
  `city_id` int(11) NOT NULL,
  `city_name` varchar(32) COLLATE utf8_polish_ci NOT NULL
) ENGINE=InnoDB DEFAULT CHARSET=utf8 COLLATE=utf8_polish_ci;

--
-- Dumping data for table `cities`
--

INSERT INTO `cities` (`city_id`, `city_name`) VALUES
(1, 'Białystok'),
(2, 'Bydgoszcz'),
(3, 'Gdańsk'),
(4, 'Kalisz'),
(5, 'Katowice'),
(6, 'Kielce'),
(7, 'Kraków'),
(8, 'Lublin'),
(9, 'Łódź'),
(10, 'Olsztyn'),
(11, 'Opole'),
(12, 'Poznań'),
(13, 'Racibórz'),
(14, 'Radom'),
(15, 'Rzeszów'),
(16, 'Słupsk'),
(17, 'Szczecin'),
(18, 'Wałbrzych'),
(19, 'Warszawa'),
(20, 'Wrocław'),
(21, 'Zielona Góra');

--
-- Indexes for dumped tables
--

--
-- Indexes for table `actualization_date`
--
ALTER TABLE `actualization_date`
  ADD PRIMARY KEY (`actualization_id`);

--
-- Indexes for table `blood_levels`
--
ALTER TABLE `blood_levels`
  ADD PRIMARY KEY (`blood_levels_id`),
  ADD KEY `type_id` (`type_id`),
  ADD KEY `city_id` (`city_id`),
  ADD KEY `actualization_id` (`actualization_id`);

--
-- Indexes for table `blood_type`
--
ALTER TABLE `blood_type`
  ADD PRIMARY KEY (`type_id`);

--
-- Indexes for table `cities`
--
ALTER TABLE `cities`
  ADD PRIMARY KEY (`city_id`);

--
-- AUTO_INCREMENT for dumped tables
--

--
-- AUTO_INCREMENT for table `actualization_date`
--
ALTER TABLE `actualization_date`
  MODIFY `actualization_id` int(11) NOT NULL AUTO_INCREMENT, AUTO_INCREMENT=10;

--
-- AUTO_INCREMENT for table `blood_levels`
--
ALTER TABLE `blood_levels`
  MODIFY `blood_levels_id` int(11) NOT NULL AUTO_INCREMENT, AUTO_INCREMENT=2521;

--
-- AUTO_INCREMENT for table `blood_type`
--
ALTER TABLE `blood_type`
  MODIFY `type_id` int(11) NOT NULL AUTO_INCREMENT, AUTO_INCREMENT=9;

--
-- AUTO_INCREMENT for table `cities`
--
ALTER TABLE `cities`
  MODIFY `city_id` int(11) NOT NULL AUTO_INCREMENT, AUTO_INCREMENT=22;

--
-- Constraints for dumped tables
--

--
-- Constraints for table `blood_levels`
--
ALTER TABLE `blood_levels`
  ADD CONSTRAINT `actualization_id` FOREIGN KEY (`actualization_id`) REFERENCES `actualization_date` (`actualization_id`),
  ADD CONSTRAINT `city_id` FOREIGN KEY (`city_id`) REFERENCES `cities` (`city_id`),
  ADD CONSTRAINT `type_id` FOREIGN KEY (`type_id`) REFERENCES `blood_type` (`type_id`);
COMMIT;

/*!40101 SET CHARACTER_SET_CLIENT=@OLD_CHARACTER_SET_CLIENT */;
/*!40101 SET CHARACTER_SET_RESULTS=@OLD_CHARACTER_SET_RESULTS */;
/*!40101 SET COLLATION_CONNECTION=@OLD_COLLATION_CONNECTION */;
